{
  "places": [
    {
      "geometry": [18.99185, -98.20145],
      "speed": "18",
      "direction": "339.93"
    },
    {
      "geometry": [18.991883, -98.201467],
      "speed": "18",
      "direction": "339.93"
    },
    {
      "geometry": [18.991933, -98.201483],
      "speed": "18",
      "direction": "339.93"
    },
    {
      "geometry": [18.991967, -98.2015],
      "speed": "18",
      "direction": "339.93"
    },
    {
      "geometry": [18.992017, -98.201517],
      "speed": "18",
      "direction": "339.93"
    },
    {
      "geometry": [18.992067, -98.201533],
      "speed": "18",
      "direction": "339.93"
    },
    {
      "geometry": [18.9921, -98.20155],
      "speed": "18",
      "direction": "339.93"
    },
    {
      "geometry": [18.99215, -98.20155],
      "speed": "18",
      "direction": "339.93"
    },
    {
      "geometry": [18.992183, -98.201567],
      "speed": "18",
      "direction": "339.93"
    },
    {
      "geometry": [18.992233, -98.201583],
      "speed": "18",
      "direction": "339.93"
    },
    {
      "geometry": [18.992267, -98.2016],
      "speed": "18",
      "direction": "339.93"
    },
    {
      "geometry": [18.992317, -98.201617],
      "speed": "18",
      "direction": "339.93"
    },
    {
      "geometry": [18.99235, -98.201633],
      "speed": "18",
      "direction": "339.93"
    },
    {
      "geometry": [18.9924, -98.20165],
      "speed": "18",
      "direction": "339.93"
    },
    {
      "geometry": [18.99245, -98.201667],
      "speed": "18",
      "direction": "339.93"
    },
    {
      "geometry": [18.992483, -98.201683],
      "speed": "18",
      "direction": "339.93"
    },
    {
      "geometry": [18.992533, -98.2017],
      "speed": "18",
      "direction": "339.93"
    },
    {
      "geometry": [18.992567, -98.201717],
      "speed": "18",
      "direction": "339.93"
    },
    {
      "geometry": [18.992617, -98.201733],
      "speed": "18",
      "direction": "339.93"
    },
    {
      "geometry": [18.99265, -98.20175],
      "speed": "18",
      "direction": "339.93"
    },
    {
      "geometry": [18.9927, -98.201767],
      "speed": "18",
      "direction": "339.93"
    },
    {
      "geometry": [18.992733, -98.201783],
      "speed": "18",
      "direction": "339.93"
    },
    {
      "geometry": [18.992783, -98.201783],
      "speed": "18",
      "direction": "339.93"
    },
    {
      "geometry": [18.992817, -98.2018],
      "speed": "18",
      "direction": "339.93"
    },
    {
      "geometry": [18.992867, -98.201817],
      "speed": "18",
      "direction": "339.93"
    },
    {
      "geometry": [18.992917, -98.201833],
      "speed": "18",
      "direction": "339.93"
    },
    {
      "geometry": [18.99295, -98.20185],
      "speed": "18",
      "direction": "339.93"
    },
    {
      "geometry": [18.993, -98.201867],
      "speed": "18",
      "direction": "339.93"
    },
    {
      "geometry": [18.993033, -98.201883],
      "speed": "18",
      "direction": "339.93"
    },
    {
      "geometry": [18.993083, -98.2019],
      "speed": "18",
      "direction": "339.93"
    },
    {
      "geometry": [18.993117, -98.201917],
      "speed": "18",
      "direction": "339.93"
    },
    {
      "geometry": [18.993167, -98.201933],
      "speed": "18",
      "direction": "339.93"
    },
    {
      "geometry": [18.9932, -98.20195],
      "speed": "18",
      "direction": "339.93"
    },
    {
      "geometry": [18.99325, -98.201967],
      "speed": "18",
      "direction": "339.93"
    },
    {
      "geometry": [18.9933, -98.201983],
      "speed": "18",
      "direction": "339.93"
    },
    {
      "geometry": [18.993333, -98.202],
      "speed": "18",
      "direction": "339.93"
    },
    {
      "geometry": [18.993383, -98.202017],
      "speed": "18",
      "direction": "339.93"
    },
    {
      "geometry": [18.993417, -98.202017],
      "speed": "18",
      "direction": "339.93"
    },
    {
      "geometry": [18.993467, -98.202033],
      "speed": "18",
      "direction": "339.93"
    },
    {
      "geometry": [18.9935, -98.20205],
      "speed": "18",
      "direction": "339.93"
    },
    {
      "geometry": [18.99355, -98.202067],
      "speed": "18",
      "direction": "339.93"
    },
    {
      "geometry": [18.993583, -98.202083],
      "speed": "18",
      "direction": "339.93"
    },
    {
      "geometry": [18.993633, -98.2021],
      "speed": "18",
      "direction": "339.93"
    },
    {
      "geometry": [18.993667, -98.202117],
      "speed": "18",
      "direction": "339.93"
    },
    {
      "geometry": [18.993717, -98.202133],
      "speed": "18",
      "direction": "339.93"
    },
    {
      "geometry": [18.993767, -98.20215],
      "speed": "18",
      "direction": "339.93"
    },
    {
      "geometry": [18.9938, -98.202167],
      "speed": "18",
      "direction": "339.93"
    },
    {
      "geometry": [18.99385, -98.202183],
      "speed": "18",
      "direction": "339.93"
    },
    {
      "geometry": [18.993883, -98.2022],
      "speed": "18",
      "direction": "339.93"
    },
    {
      "geometry": [18.993933, -98.202217],
      "speed": "18",
      "direction": "339.93"
    },
    {
      "geometry": [18.993967, -98.202233],
      "speed": "18",
      "direction": "339.93"
    },
    {
      "geometry": [18.994017, -98.20225],
      "speed": "18",
      "direction": "339.93"
    },
    {
      "geometry": [18.99405, -98.20225],
      "speed": "18",
      "direction": "339.93"
    },
    {
      "geometry": [18.9941, -98.202267],
      "speed": "18",
      "direction": "339.93"
    },
    {
      "geometry": [18.99415, -98.202283],
      "speed": "18",
      "direction": "339.93"
    },
    {
      "geometry": [18.994183, -98.2023],
      "speed": "18",
      "direction": "339.93"
    },
    {
      "geometry": [18.994233, -98.202317],
      "speed": "18",
      "direction": "339.93"
    },
    {
      "geometry": [18.994267, -98.202333],
      "speed": "18",
      "direction": "339.93"
    },
    {
      "geometry": [18.994317, -98.20235],
      "speed": "18",
      "direction": "339.93"
    },
    {
      "geometry": [18.99435, -98.202367],
      "speed": "18",
      "direction": "339.93"
    },
    {
      "geometry": [18.9944, -98.202383],
      "speed": "18",
      "direction": "339.93"
    },
    {
      "geometry": [18.994433, -98.2024],
      "speed": "18",
      "direction": "339.93"
    },
    {
      "geometry": [18.994483, -98.202417],
      "speed": "18",
      "direction": "339.93"
    },
    {
      "geometry": [18.994517, -98.202433],
      "speed": "18",
      "direction": "339.93"
    },
    {
      "geometry": [18.994567, -98.20245],
      "speed": "18",
      "direction": "339.93"
    },
    {
      "geometry": [18.994617, -98.202467],
      "speed": "18",
      "direction": "339.93"
    },
    {
      "geometry": [18.99465, -98.202467],
      "speed": "18",
      "direction": "339.93"
    },
    {
      "geometry": [18.9947, -98.202483],
      "speed": "18",
      "direction": "339.93"
    },
    {
      "geometry": [18.994733, -98.2025],
      "speed": "18",
      "direction": "339.93"
    },
    {
      "geometry": [18.994783, -98.202517],
      "speed": "18",
      "direction": "339.93"
    },
    {
      "geometry": [18.994817, -98.202533],
      "speed": "18",
      "direction": "339.93"
    },
    {
      "geometry": [18.994867, -98.20255],
      "speed": "18",
      "direction": "339.93"
    },
    {
      "geometry": [18.9949, -98.202567],
      "speed": "18",
      "direction": "339.93"
    },
    {
      "geometry": [18.99495, -98.202583],
      "speed": "18",
      "direction": "339.93"
    },
    {
      "geometry": [18.995, -98.2026],
      "speed": "18",
      "direction": "339.93"
    },
    {
      "geometry": [18.995033, -98.202617],
      "speed": "18",
      "direction": "339.93"
    },
    {
      "geometry": [18.995083, -98.202633],
      "speed": "18",
      "direction": "339.93"
    },
    {
      "geometry": [18.995117, -98.20265],
      "speed": "18",
      "direction": "339.93"
    },
    {
      "geometry": [18.995167, -98.202667],
      "speed": "18",
      "direction": "339.93"
    }
  ]
}
