{
  "car1": [
    {
      "geometry": [18.994967, -98.19835],
      "speed": "36",
      "direction": "254.38"
    },
    {
      "geometry": [18.994933, -98.198433],
      "speed": "36",
      "direction": "254.38"
    },
    {
      "geometry": [18.9949, -98.198533],
      "speed": "36",
      "direction": "254.38"
    },
    {
      "geometry": [18.994883, -98.198617],
      "speed": "36",
      "direction": "254.38"
    },
    {
      "geometry": [18.99485, -98.198717],
      "speed": "36",
      "direction": "254.38"
    },
    {
      "geometry": [18.994833, -98.1988],
      "speed": "36",
      "direction": "254.38"
    },
    {
      "geometry": [18.9948, -98.198883],
      "speed": "36",
      "direction": "254.38"
    },
    {
      "geometry": [18.994783, -98.198983],
      "speed": "36",
      "direction": "254.38"
    },
    {
      "geometry": [18.99475, -98.199067],
      "speed": "36",
      "direction": "254.38"
    },
    {
      "geometry": [18.994733, -98.199167],
      "speed": "36",
      "direction": "254.38"
    },
    {
      "geometry": [18.9947, -98.19925],
      "speed": "36",
      "direction": "254.38"
    },
    {
      "geometry": [18.994683, -98.19935],
      "speed": "36",
      "direction": "254.38"
    },
    {
      "geometry": [18.99465, -98.199433],
      "speed": "36",
      "direction": "254.38"
    },
    {
      "geometry": [18.994633, -98.199533],
      "speed": "36",
      "direction": "254.38"
    },
    {
      "geometry": [18.9946, -98.199617],
      "speed": "36",
      "direction": "254.38"
    },
    {
      "geometry": [18.994583, -98.199717],
      "speed": "36",
      "direction": "254.38"
    },
    {
      "geometry": [18.99455, -98.1998],
      "speed": "36",
      "direction": "254.38"
    },
    {
      "geometry": [18.994533, -98.1999],
      "speed": "36",
      "direction": "254.38"
    },
    {
      "geometry": [18.9945, -98.199983],
      "speed": "36",
      "direction": "254.38"
    },
    {
      "geometry": [18.994483, -98.200083],
      "speed": "36",
      "direction": "254.38"
    },
    {
      "geometry": [18.99445, -98.200167],
      "speed": "36",
      "direction": "254.38"
    },
    {
      "geometry": [18.994417, -98.200267],
      "speed": "36",
      "direction": "254.38"
    },
    {
      "geometry": [18.9944, -98.20035],
      "speed": "36",
      "direction": "254.38"
    },
    {
      "geometry": [18.994367, -98.200433],
      "speed": "36",
      "direction": "254.38"
    },
    {
      "geometry": [18.99435, -98.200533],
      "speed": "36",
      "direction": "254.38"
    },
    {
      "geometry": [18.994317, -98.200617],
      "speed": "36",
      "direction": "254.38"
    },
    {
      "geometry": [18.9943, -98.200717],
      "speed": "36",
      "direction": "254.38"
    },
    {
      "geometry": [18.994267, -98.2008],
      "speed": "36",
      "direction": "254.38"
    },
    {
      "geometry": [18.99425, -98.2009],
      "speed": "36",
      "direction": "254.38"
    },
    {
      "geometry": [18.994217, -98.200983],
      "speed": "36",
      "direction": "254.38"
    },
    {
      "geometry": [18.9942, -98.201083],
      "speed": "36",
      "direction": "254.38"
    },
    {
      "geometry": [18.994167, -98.201167],
      "speed": "36",
      "direction": "254.38"
    },
    {
      "geometry": [18.99415, -98.201267],
      "speed": "36",
      "direction": "254.38"
    },
    {
      "geometry": [18.994117, -98.20135],
      "speed": "36",
      "direction": "254.38"
    },
    {
      "geometry": [18.9941, -98.20145],
      "speed": "36",
      "direction": "254.38"
    },
    {
      "geometry": [18.994067, -98.201533],
      "speed": "36",
      "direction": "254.38"
    },
    {
      "geometry": [18.99405, -98.201633],
      "speed": "36",
      "direction": "254.38"
    },
    {
      "geometry": [18.994017, -98.201717],
      "speed": "36",
      "direction": "254.38"
    },
    {
      "geometry": [18.993983, -98.201817],
      "speed": "36",
      "direction": "254.38"
    },
    {
      "geometry": [18.993967, -98.2019],
      "speed": "36",
      "direction": "254.38"
    },
    {
      "geometry": [18.993933, -98.202],
      "speed": "36",
      "direction": "254.38"
    },
    {
      "geometry": [18.993917, -98.202083],
      "speed": "36",
      "direction": "254.38"
    },
    {
      "geometry": [18.993883, -98.202167],
      "speed": "36",
      "direction": "254.38"
    },
    {
      "geometry": [18.993867, -98.202267],
      "speed": "36",
      "direction": "254.38"
    },
    {
      "geometry": [18.993833, -98.20235],
      "speed": "36",
      "direction": "254.38"
    },
    {
      "geometry": [18.993817, -98.20245],
      "speed": "36",
      "direction": "254.38"
    },
    {
      "geometry": [18.993783, -98.202533],
      "speed": "36",
      "direction": "254.38"
    },
    {
      "geometry": [18.993767, -98.202633],
      "speed": "36",
      "direction": "254.38"
    },
    {
      "geometry": [18.993733, -98.202717],
      "speed": "36",
      "direction": "254.38"
    },
    {
      "geometry": [18.993717, -98.202817],
      "speed": "36",
      "direction": "254.38"
    },
    {
      "geometry": [18.993683, -98.2029],
      "speed": "36",
      "direction": "254.38"
    },
    {
      "geometry": [18.993667, -98.203],
      "speed": "36",
      "direction": "254.38"
    },
    {
      "geometry": [18.993633, -98.203083],
      "speed": "36",
      "direction": "254.38"
    },
    {
      "geometry": [18.993617, -98.203183],
      "speed": "36",
      "direction": "254.38"
    },
    {
      "geometry": [18.993583, -98.203267],
      "speed": "36",
      "direction": "254.38"
    },
    {
      "geometry": [18.99355, -98.203367],
      "speed": "36",
      "direction": "254.38"
    },
    {
      "geometry": [18.993533, -98.20345],
      "speed": "36",
      "direction": "254.38"
    }
  ],
  "car2": [
    {
      "geometry": [18.992067, -98.201533],
      "speed": "18",
      "direction": "339.93"
    }
  ],
  "car3": [
    {
      "geometry": [18.993067, -98.204417],
      "speed": "18",
      "direction": "73.63"
    },
    {
      "geometry": [18.993083, -98.204367],
      "speed": "18",
      "direction": "73.63"
    },
    {
      "geometry": [18.9931, -98.204317],
      "speed": "18",
      "direction": "73.63"
    },
    {
      "geometry": [18.9931, -98.204283],
      "speed": "18",
      "direction": "73.63"
    },
    {
      "geometry": [18.993117, -98.204233],
      "speed": "18",
      "direction": "73.63"
    },
    {
      "geometry": [18.993133, -98.204183],
      "speed": "18",
      "direction": "73.63"
    },
    {
      "geometry": [18.99315, -98.204133],
      "speed": "18",
      "direction": "73.63"
    },
    {
      "geometry": [18.993167, -98.2041],
      "speed": "18",
      "direction": "73.63"
    },
    {
      "geometry": [18.993167, -98.20405],
      "speed": "18",
      "direction": "73.63"
    },
    {
      "geometry": [18.993183, -98.204],
      "speed": "18",
      "direction": "73.63"
    },
    {
      "geometry": [18.9932, -98.203967],
      "speed": "18",
      "direction": "73.63"
    },
    {
      "geometry": [18.993217, -98.203917],
      "speed": "18",
      "direction": "73.63"
    },
    {
      "geometry": [18.993233, -98.203867],
      "speed": "18",
      "direction": "73.63"
    },
    {
      "geometry": [18.993233, -98.203817],
      "speed": "18",
      "direction": "73.63"
    },
    {
      "geometry": [18.99325, -98.203783],
      "speed": "18",
      "direction": "73.63"
    },
    {
      "geometry": [18.993267, -98.203733],
      "speed": "18",
      "direction": "73.63"
    },
    {
      "geometry": [18.993283, -98.203683],
      "speed": "18",
      "direction": "73.63"
    },
    {
      "geometry": [18.9933, -98.203633],
      "speed": "18",
      "direction": "73.63"
    },
    {
      "geometry": [18.9933, -98.2036],
      "speed": "18",
      "direction": "73.63"
    },
    {
      "geometry": [18.993317, -98.20355],
      "speed": "18",
      "direction": "73.63"
    },
    {
      "geometry": [18.993333, -98.2035],
      "speed": "18",
      "direction": "73.63"
    },
    {
      "geometry": [18.99335, -98.203467],
      "speed": "18",
      "direction": "73.63"
    },
    {
      "geometry": [18.99335, -98.203417],
      "speed": "18",
      "direction": "73.63"
    },
    {
      "geometry": [18.993367, -98.203367],
      "speed": "18",
      "direction": "73.63"
    },
    {
      "geometry": [18.993383, -98.203317],
      "speed": "18",
      "direction": "73.63"
    },
    {
      "geometry": [18.9934, -98.203283],
      "speed": "18",
      "direction": "73.63"
    },
    {
      "geometry": [18.993417, -98.203233],
      "speed": "18",
      "direction": "73.63"
    },
    {
      "geometry": [18.993417, -98.203183],
      "speed": "18",
      "direction": "73.63"
    },
    {
      "geometry": [18.993433, -98.20315],
      "speed": "18",
      "direction": "73.63"
    },
    {
      "geometry": [18.99345, -98.2031],
      "speed": "18",
      "direction": "73.63"
    },
    {
      "geometry": [18.993467, -98.20305],
      "speed": "18",
      "direction": "73.63"
    },
    {
      "geometry": [18.993483, -98.203],
      "speed": "18",
      "direction": "73.63"
    },
    {
      "geometry": [18.993483, -98.202967],
      "speed": "18",
      "direction": "73.63"
    },
    {
      "geometry": [18.9935, -98.202917],
      "speed": "18",
      "direction": "73.63"
    },
    {
      "geometry": [18.993517, -98.202867],
      "speed": "18",
      "direction": "73.63"
    },
    {
      "geometry": [18.993533, -98.202817],
      "speed": "18",
      "direction": "73.63"
    },
    {
      "geometry": [18.99355, -98.202783],
      "speed": "18",
      "direction": "73.63"
    },
    {
      "geometry": [18.99355, -98.202733],
      "speed": "18",
      "direction": "73.63"
    },
    {
      "geometry": [18.993567, -98.202683],
      "speed": "18",
      "direction": "73.63"
    },
    {
      "geometry": [18.993583, -98.20265],
      "speed": "18",
      "direction": "73.63"
    },
    {
      "geometry": [18.9936, -98.2026],
      "speed": "18",
      "direction": "73.63"
    },
    {
      "geometry": [18.993617, -98.20255],
      "speed": "18",
      "direction": "73.63"
    },
    {
      "geometry": [18.993617, -98.2025],
      "speed": "18",
      "direction": "73.63"
    },
    {
      "geometry": [18.993633, -98.202467],
      "speed": "18",
      "direction": "73.63"
    },
    {
      "geometry": [18.99365, -98.202417],
      "speed": "18",
      "direction": "73.63"
    },
    {
      "geometry": [18.993667, -98.202367],
      "speed": "18",
      "direction": "73.63"
    },
    {
      "geometry": [18.993683, -98.202317],
      "speed": "18",
      "direction": "73.63"
    },
    {
      "geometry": [18.993683, -98.202283],
      "speed": "18",
      "direction": "73.63"
    },
    {
      "geometry": [18.9937, -98.202233],
      "speed": "18",
      "direction": "73.63"
    },
    {
      "geometry": [18.993717, -98.202183],
      "speed": "18",
      "direction": "73.63"
    },
    {
      "geometry": [18.993733, -98.20215],
      "speed": "18",
      "direction": "73.63"
    },
    {
      "geometry": [18.99375, -98.2021],
      "speed": "18",
      "direction": "73.63"
    },
    {
      "geometry": [18.99375, -98.20205],
      "speed": "18",
      "direction": "73.63"
    },
    {
      "geometry": [18.993767, -98.202],
      "speed": "18",
      "direction": "73.63"
    },
    {
      "geometry": [18.993783, -98.201967],
      "speed": "18",
      "direction": "73.63"
    },
    {
      "geometry": [18.9938, -98.201917],
      "speed": "18",
      "direction": "73.63"
    },
    {
      "geometry": [18.993817, -98.201867],
      "speed": "18",
      "direction": "73.63"
    },
    {
      "geometry": [18.993817, -98.201817],
      "speed": "18",
      "direction": "73.63"
    },
    {
      "geometry": [18.993833, -98.201783],
      "speed": "18",
      "direction": "73.63"
    },
    {
      "geometry": [18.99385, -98.201733],
      "speed": "18",
      "direction": "73.63"
    },
    {
      "geometry": [18.993867, -98.201683],
      "speed": "18",
      "direction": "73.63"
    },
    {
      "geometry": [18.993883, -98.20165],
      "speed": "18",
      "direction": "73.63"
    },
    {
      "geometry": [18.993883, -98.2016],
      "speed": "18",
      "direction": "73.63"
    },
    {
      "geometry": [18.9939, -98.20155],
      "speed": "18",
      "direction": "73.63"
    },
    {
      "geometry": [18.993917, -98.2015],
      "speed": "18",
      "direction": "73.63"
    },
    {
      "geometry": [18.993933, -98.201467],
      "speed": "18",
      "direction": "73.63"
    },
    {
      "geometry": [18.99395, -98.201417],
      "speed": "18",
      "direction": "73.63"
    }
  ]
}
